duration,complete,deposits,amount,motif,categ,length,interval
0.1,True,0.875,3500.0,deposit~0+_transfers~bill_payment,deposit~withdraw,0+,'(0,1]'
24.983333333333334,True,1.0,500.0,deposit~0+_transfers~cash_withdraw,deposit~withdraw,0+,'(1,48]'
49.483333333333334,True,0.5,1000.0,deposit~0+_transfers~cash_withdraw,deposit~withdraw,0+,'(48,inf)'
49.95,True,0.05,100.0,deposit~0+_transfers~card_payment,deposit~withdraw,0+,'(48,inf)'
50.31666666666667,True,0.125,500.0,deposit~0+_transfers~cash_withdraw,deposit~withdraw,0+,'(48,inf)'
74.45,True,0.45,900.0,deposit~0+_transfers~bill_payment,deposit~withdraw,0+,'(48,inf)'
