1,AAA,BBB,2017-03-01 00:02:00,bank,user,4000,0
2,BBB,QQQ,2017-03-01 00:08:00,user,utility,3500,0
3,AAA,CCC,2017-03-01 00:21:00,atm,user,2000,0
4,CCC,EEE,2017-03-02 00:26:00,user,user,1000,0
5,AAA,BBB,2017-03-02 00:51:00,bank,user,500,0
6,BBB,DDD,2017-03-02 01:12:00,user,user,500,0
7,CCC,DDD,2017-03-02 01:49:00,user,user,1000,0
8,DDD,AAA,2017-03-03 01:50:00,user,atm,1500,0
9,EEE,RRR,2017-03-03 02:18:00,user,pos,100,0
10,BBB,AAA,2017-03-03 02:21:00,user,atm,500,0
11,EEE,QQQ,2017-03-04 02:48:00,user,utility,900,0
12,AAA,QQQ,2017-03-04 02:57:00,bank,utility,1000,0
