{
  "transaction_header": ["txn_ID","src_ID","tgt_ID","timestamp","type","amt","fee"],
  "timeformat": "%Y-%m-%d %H:%M:%S",
  "timewindow_beg": "2017-03-01 00:00:00",
  "timewindow_end": "2017-03-04 03:00:00",
  "fee/revenue": "sender",
  "boundary_type": "inferred_accounts",
  "account_categories":{
    "check_deposit": {"src":"bank","tgt":"user"},
    "cash_deposit":  {"src":"atm", "tgt":"user"},
    "direct_deposit":{"src":"corporation","tgt":"user"},
    "p2p_transfer":  {"src":"user","tgt":"user"},
    "bill_payment":  {"src":"user","tgt":"corporation"},
    "card_payment":  {"src":"user","tgt":"pos"},
    "cash_withdraw": {"src":"user","tgt":"atm"}
  },
  "category_order": ["bank","atm","corporation","merchant","user"],
  "category_follow": ["user"]
}
