trj_timestamp,trj_amt,trj_txn,trj_categ,trj_len,trj_dur,txn_IDs,txn_types,txn_amts,txn_fees,txn_txns,acct_IDs,acct_durs
2017-03-01 00:02:00,3600.0,0.86747,"(deposit,withdraw)",0,0.1,"[1,2]","[check_deposit,bill_payment]","[3600.0,3500.0]","[0.0,100.0]","[0.86747,1.0]","[AAA,BBB,QQQ]",[0.1]
2017-03-02 00:51:00,600.0,1.0,"(deposit,withdraw)",1,24.983333,"[5,6,8]","[direct_deposit,p2p_transfer,cash_withdraw]","[600.0,550.0,500.0]","[0.0,50.0,50.0]","[1.0,1.0,0.333333]","[AAA,BBB,DDD,AAA]","[0.35,24.633333]"
2017-03-01 00:21:00,1200.0,0.5,"(deposit,withdraw)",1,49.483333,"[3,7,8]","[cash_deposit,p2p_transfer,cash_withdraw]","[1200.0,1100.0,1000.0]","[0.0,100.0,100.0]","[0.5,1.0,0.666667]","[AAA,CCC,DDD,AAA]","[25.466667,24.016667]"
2017-03-01 00:21:00,120.0,0.05,"(deposit,withdraw)",1,49.95,"[3,4,9]","[cash_deposit,p2p_transfer,card_payment]","[120.0,110.0,100.0]","[0.0,10.0,10.0]","[0.05,0.1,1.0]","[AAA,CCC,EEE,RRR]","[24.083333,25.866667]"
2017-03-01 00:02:00,550.0,0.13253,"(deposit,withdraw)",0,50.316667,"[1,10]","[check_deposit,cash_withdraw]","[550.0,500.0]","[0.0,50.0]","[0.13253,1.0]","[AAA,BBB,AAA]",[50.316667]
2017-03-01 00:21:00,1080.0,0.45,"(deposit,withdraw)",1,74.45,"[3,4,11]","[cash_deposit,p2p_transfer,bill_payment]","[1080.0,990.0,900.0]","[0.0,90.0,90.0]","[0.45,0.9,1.0]","[AAA,CCC,EEE,QQQ]","[24.083333,50.366667]"
