trj_timestamp,trj_amt,trj_txn,trj_categ,trj_len,trj_dur,txn_IDs,txn_types,txn_amts,txn_fees,txn_txns,acct_IDs,acct_durs
2017-03-01 00:02:00,3500.0,0.875,"(deposit,withdraw)",0,0.1,"[1,2]","[check_deposit,bill_payment]","[3500.0,3500.0]","[0.0,0.0]","[0.875,1.0]","[AAA,BBB,QQQ]",[0.1]
2017-03-01 00:21:00,1000.0,0.5,"(deposit,untracked)",1,48.0,"[3,7]","[cash_deposit,p2p_transfer]","[1000.0,1000.0]","[0.0,0.0]","[0.5,1.0]","[AAA,CCC,DDD]","[25.466667,22.533333]"
2017-03-03 01:50:00,1000.0,0.666667,"(existing,withdraw)",0,,[8],[cash_withdraw],[1000.0],[0.0],[0.666667],"[DDD,AAA]",[]
2017-03-02 00:51:00,500.0,1.0,"(deposit,withdraw)",1,24.983333,"[5,6,8]","[direct_deposit,p2p_transfer,cash_withdraw]","[500.0,500.0,500.0]","[0.0,0.0,0.0]","[1.0,1.0,0.333333]","[AAA,BBB,DDD,AAA]","[0.35,24.633333]"
2017-03-01 00:21:00,1000.0,0.5,"(deposit,untracked)",1,48.0,"[3,4]","[cash_deposit,p2p_transfer]","[1000.0,1000.0]","[0.0,0.0]","[0.5,1.0]","[AAA,CCC,EEE]","[24.083333,23.916667]"
2017-03-03 02:18:00,100.0,1.0,"(existing,withdraw)",0,,[9],[card_payment],[100.0],[0.0],[1.0],"[EEE,RRR]",[]
2017-03-01 00:02:00,500.0,0.125,"(deposit,untracked)",0,48.0,[1],[check_deposit],[500.0],[0.0],[0.125],"[AAA,BBB]",[48.0]
2017-03-03 02:21:00,500.0,1.0,"(existing,withdraw)",0,,[10],[cash_withdraw],[500.0],[0.0],[1.0],"[BBB,AAA]",[]
2017-03-04 02:48:00,900.0,1.0,"(existing,withdraw)",0,,[11],[bill_payment],[900.0],[0.0],[1.0],"[EEE,QQQ]",[]
